Price,Adj Close,Close,High,Low,Open,Volume
Ticker,005930.KS,005930.KS,005930.KS,005930.KS,005930.KS,005930.KS
Date,,,,,,
2023-01-02,51925.33984375,55500.0,56100.0,55200.0,55500.0,10031448
2023-01-03,51831.7734375,55400.0,56000.0,54500.0,55400.0,13547030
2023-01-04,54077.20703125,57800.0,58000.0,55600.0,55700.0,20188071
2023-01-05,54451.4375,58200.0,58800.0,57600.0,58200.0,15682826
2023-01-06,55199.91015625,59000.0,59400.0,57900.0,58300.0,17334989
2023-01-09,56790.41796875,60700.0,60700.0,59600.0,59700.0,18640107
2023-01-10,56509.73828125,60400.0,61100.0,59900.0,60200.0,14859797
2023-01-11,56603.296875,60500.0,61200.0,60300.0,61000.0,12310751
2023-01-12,56603.296875,60500.0,61200.0,59900.0,61100.0,16102561
2023-01-13,56883.96484375,60800.0,61200.0,60400.0,60500.0,12510328
2023-01-16,57164.65234375,61100.0,61600.0,60800.0,61300.0,10039972
2023-01-17,57071.1015625,61000.0,61500.0,60600.0,61200.0,9831456
2023-01-18,56509.73828125,60400.0,61000.0,59900.0,60700.0,11584041
2023-01-19,57538.89453125,61500.0,61500.0,60400.0,60500.0,12808490
2023-01-20,57819.5625,61800.0,62300.0,61100.0,62100.0,9646327
2023-01-25,59222.953125,63300.0,63700.0,63000.0,63500.0,39217
2023-01-26,59690.75,63800.0,63900.0,63300.0,63800.0,54188
2023-01-27,60439.2265625,64600.0,65000.0,63900.0,64400.0,44282
2023-01-30,59222.953125,63300.0,64900.0,63100.0,64900.0,59628
2023-01-31,57445.33203125,61400.0,63700.0,61000.0,63500.0,163847
2023-02-01,57071.1015625,61000.0,62700.0,61000.0,62600.0,98585
2023-02-02,59410.078125,63500.0,63900.0,62600.0,63200.0,65992
2023-02-03,59410.078125,63500.0,64000.0,63000.0,63900.0,47567
2023-02-06,57632.44140625,61600.0,63000.0,61600.0,62800.0,144104
2023-02-07,58006.6875,62000.0,62500.0,61600.0,61900.0,32873
2023-02-08,59035.83984375,63100.0,63300.0,62400.0,62800.0,42558
2023-02-09,59222.953125,63300.0,63300.0,62300.0,63000.0,48035
2023-02-10,58848.72265625,62900.0,63000.0,62400.0,62600.0,44786
2023-02-13,58848.72265625,62900.0,63000.0,62300.0,62900.0,59395
2023-02-14,59129.3984375,63200.0,63900.0,63200.0,63600.0,70606
2023-02-15,58193.8046875,62200.0,63900.0,62000.0,63900.0,58370
2023-02-16,59597.19140625,63700.0,63700.0,62400.0,62500.0,41448
2023-02-17,58568.04296875,62600.0,63300.0,62400.0,62900.0,28613
2023-02-20,58661.6015625,62700.0,63000.0,61800.0,62900.0,29846
2023-02-21,58100.2421875,62100.0,62800.0,62000.0,62700.0,60971
2023-02-22,57164.65234375,61100.0,61800.0,61000.0,61500.0,39178
2023-02-23,58006.6875,62000.0,62500.0,61500.0,61700.0,37145
2023-02-24,57351.76953125,61300.0,62600.0,61300.0,62300.0,50792
2023-02-27,56603.296875,60500.0,60800.0,60200.0,60800.0,11155697
2023-02-28,56696.85546875,60600.0,61400.0,60500.0,60800.0,13715861
2023-03-02,56883.96484375,60800.0,61800.0,60500.0,60900.0,13095682
2023-03-03,56603.296875,60500.0,61200.0,60500.0,61000.0,10711405
2023-03-06,57538.89453125,61500.0,61600.0,60800.0,61100.0,13630602
2023-03-07,56790.41796875,60700.0,61400.0,60700.0,61400.0,11473280
2023-03-08,56416.18359375,60300.0,60500.0,59900.0,60100.0,14161857
2023-03-09,56229.0546875,60100.0,60800.0,59900.0,60500.0,14334499
2023-03-10,55667.70703125,59500.0,59700.0,59100.0,59500.0,11902471
2023-03-13,56135.5,60000.0,60200.0,59300.0,59900.0,12779724
2023-03-14,55199.91015625,59000.0,59500.0,59000.0,59400.0,12147346
2023-03-15,55948.38671875,59800.0,60300.0,59600.0,60000.0,10482149
2023-03-16,56041.9453125,59900.0,60200.0,59100.0,59200.0,10611939
2023-03-17,57351.76953125,61300.0,61300.0,60600.0,60800.0,14090110
2023-03-20,56322.6171875,60200.0,61200.0,60200.0,61100.0,9618009
2023-03-21,56416.18359375,60300.0,60700.0,60100.0,60500.0,8318514
2023-03-22,57164.65234375,61100.0,61200.0,60500.0,61000.0,8978591
2023-03-23,58287.3671875,62300.0,62300.0,60600.0,60600.0,15381057
2023-03-24,58942.26953125,63000.0,63300.0,62300.0,62700.0,18278602
2023-03-27,58100.2421875,62100.0,62800.0,62000.0,62600.0,11039331
2023-03-28,58848.72265625,62900.0,62900.0,62100.0,62400.0,11614118
2023-03-29,58661.6015625,62700.0,62700.0,62200.0,62500.0,11216008
2023-03-30,59471.80859375,63200.0,63700.0,63100.0,63700.0,15684377
2023-03-31,60224.625,64000.0,64000.0,63700.0,64000.0,14094479
2023-04-03,59377.7109375,63100.0,64000.0,63000.0,64000.0,11973133
2023-04-04,59848.2109375,63600.0,63800.0,62800.0,63400.0,11120514
2023-04-05,60130.51953125,63900.0,64000.0,63400.0,63700.0,9176149
2023-04-06,58624.90625,62300.0,63600.0,62300.0,63500.0,14992747
2023-04-07,61165.625,65000.0,65200.0,63800.0,63800.0,27476120
2023-04-10,61824.328125,65700.0,66300.0,64700.0,64800.0,18777166
2023-04-11,62012.53515625,65900.0,66200.0,65400.0,66200.0,16323183
2023-04-12,62106.640625,66000.0,66200.0,65300.0,65800.0,15021313
2023-04-13,62200.734375,66100.0,66100.0,65400.0,65600.0,15091022
2023-04-14,61259.72265625,65100.0,66600.0,65000.0,66600.0,16176490
2023-04-17,61447.921875,65300.0,65600.0,64700.0,65000.0,13486618
2023-04-18,61730.234375,65600.0,66000.0,64800.0,65900.0,14802060
2023-04-19,61636.125,65500.0,65800.0,65300.0,65500.0,10255985
2023-04-20,61447.921875,65300.0,65300.0,64600.0,65100.0,9501169
2023-04-21,61824.328125,65700.0,65900.0,65400.0,65800.0,10538622
2023-04-24,61353.828125,65200.0,65700.0,64800.0,65300.0,12986581
2023-04-25,59848.2109375,63600.0,65400.0,63400.0,65300.0,16193271
2023-04-26,60318.71875,64100.0,64300.0,63300.0,63600.0,12664541
2023-04-27,60789.23046875,64600.0,65000.0,63300.0,64100.0,14779601
2023-04-28,61636.125,65500.0,65900.0,65000.0,65200.0,19699481
2023-05-02,61824.328125,65700.0,66300.0,65100.0,66000.0,14396948
2023-05-03,61542.03515625,65400.0,65600.0,64900.0,65100.0,8876749
2023-05-04,61259.72265625,65100.0,65700.0,64700.0,65600.0,9791064
2023-05-08,62012.53515625,65900.0,66300.0,65400.0,66300.0,9405365
2023-05-09,61447.921875,65300.0,65800.0,65100.0,65800.0,9366861
2023-05-10,60789.23046875,64600.0,65500.0,64300.0,65500.0,13057727
2023-05-11,60412.8125,64200.0,65100.0,64200.0,64700.0,11648905
2023-05-12,60318.71875,64100.0,64600.0,63600.0,63700.0,8693913
2023-05-15,60695.12890625,64500.0,64600.0,63900.0,64100.0,8172021
2023-05-16,61542.03515625,65400.0,65900.0,65300.0,65800.0,12334657
2023-05-17,61165.625,65000.0,65900.0,64800.0,65900.0,10745504
2023-05-18,62294.83984375,66200.0,66200.0,65700.0,66000.0,14431704
2023-05-19,64365.0625,68400.0,68400.0,67500.0,67800.0,20349345
2023-05-22,64459.15625,68500.0,69000.0,68000.0,68400.0,14470308
2023-05-23,64365.0625,68400.0,68700.0,68100.0,68500.0,8561643
2023-05-24,64459.15625,68500.0,68700.0,68000.0,68100.0,8192896
2023-05-25,64741.46484375,68800.0,70000.0,68700.0,69900.0,14231160
2023-05-26,66152.9765625,70300.0,70400.0,69500.0,69800.0,19549511
2023-05-30,68035.0,72300.0,72300.0,71200.0,71300.0,27476897
2023-05-31,67188.09375,71400.0,72500.0,71000.0,72400.0,25666087
2023-06-01,66717.578125,70900.0,71600.0,70600.0,70900.0,14669296
2023-06-02,67940.8984375,72200.0,72200.0,71600.0,71700.0,12161798
2023-06-05,67470.3984375,71700.0,72700.0,71400.0,72700.0,12686829
2023-06-07,66811.6796875,71000.0,71600.0,70800.0,71300.0,14796613
2023-06-08,66717.578125,70900.0,70900.0,70000.0,70400.0,19165568
2023-06-09,67752.6953125,72000.0,72300.0,70800.0,71100.0,15050209
2023-06-12,66811.6796875,71000.0,72400.0,70800.0,72100.0,12064287
2023-06-13,67752.6953125,72000.0,72200.0,71600.0,71700.0,13227285
2023-06-14,67658.6015625,71900.0,72200.0,71100.0,72100.0,12541046
2023-06-15,67282.1953125,71500.0,72300.0,71300.0,72100.0,13614994
2023-06-16,67564.5,71800.0,71900.0,70900.0,71800.0,15373696
2023-06-19,66999.890625,71200.0,71700.0,70900.0,71300.0,11100887
2023-06-20,67188.09375,71400.0,71400.0,70400.0,70700.0,11557883
2023-06-21,66341.1640625,70500.0,71200.0,70400.0,70700.0,10626603
2023-06-22,67094.0,71300.0,71500.0,70100.0,70200.0,11411007
2023-06-23,67376.2890625,71600.0,72200.0,71600.0,72000.0,12329484
2023-06-26,68129.09375,72400.0,72500.0,71500.0,71700.0,10541901
2023-06-27,68317.2890625,72600.0,72600.0,72000.0,72500.0,9442997
2023-06-28,68411.390625,72700.0,72700.0,72000.0,72600.0,8783093
2023-06-29,68469.1015625,72400.0,73400.0,72400.0,73100.0,12229967
2023-06-30,68279.9453125,72200.0,72700.0,71700.0,72500.0,11694765
2023-07-03,69036.5078125,73000.0,73200.0,72600.0,72700.0,10722181
2023-07-04,69036.5078125,73000.0,73600.0,72900.0,73400.0,10214350
2023-07-05,68090.8046875,72000.0,73300.0,71900.0,73000.0,12310610
2023-07-06,67712.5234375,71600.0,72400.0,71500.0,71900.0,14777667
2023-07-07,66104.8203125,69900.0,71400.0,69800.0,71100.0,17308877
2023-07-10,65726.5390625,69500.0,70400.0,69200.0,70000.0,11713926
2023-07-11,67617.9453125,71500.0,71500.0,70100.0,70200.0,12177392
2023-07-12,67996.234375,71900.0,72000.0,71100.0,71200.0,10375581
2023-07-13,67996.234375,71900.0,72600.0,71900.0,72400.0,14417279
2023-07-14,69414.7890625,73400.0,73400.0,72400.0,72500.0,15882519
2023-07-17,69320.21875,73300.0,73500.0,72800.0,73200.0,10060049
2023-07-18,68090.8046875,72000.0,73500.0,72000.0,73200.0,11697900
2023-07-19,67807.1015625,71700.0,72800.0,71300.0,72700.0,10896412
2023-07-20,67145.09375,71000.0,71500.0,70800.0,71100.0,9732730
2023-07-21,66483.109375,70300.0,70400.0,69400.0,70400.0,16528926
2023-07-24,66577.6796875,70400.0,70900.0,69900.0,70100.0,13418597
2023-07-25,66199.390625,70000.0,70500.0,69800.0,70000.0,14314945
2023-07-26,66010.25,69800.0,70600.0,68100.0,69800.0,30016221
2023-07-27,67807.1015625,71700.0,71700.0,69300.0,69900.0,24261179
2023-07-28,66766.828125,70600.0,72400.0,70100.0,71800.0,19420683
2023-07-31,66010.25,69800.0,71000.0,69800.0,70900.0,13035420
2023-08-01,67239.671875,71100.0,71200.0,70000.0,70100.0,12299254
2023-08-02,66104.8203125,69900.0,71000.0,69800.0,70700.0,13835020
2023-08-03,65064.55078125,68800.0,70200.0,68500.0,69900.0,20087090
2023-08-04,64591.68359375,68300.0,69100.0,68200.0,68800.0,12360193
2023-08-07,64780.83984375,68500.0,69200.0,67600.0,67700.0,10968505
2023-08-08,63929.70703125,67600.0,69100.0,67400.0,69000.0,14664709
2023-08-09,65159.11328125,68900.0,69600.0,67900.0,68000.0,17259673
2023-08-10,64307.9765625,68000.0,68500.0,67800.0,68300.0,10227311
2023-08-11,63835.1328125,67500.0,68800.0,67500.0,68400.0,9781038
2023-08-14,63645.98828125,67300.0,67900.0,66900.0,67500.0,9352343
2023-08-16,63362.26953125,67000.0,67100.0,66300.0,66700.0,13174578
2023-08-17,63078.56640625,66700.0,66800.0,66000.0,66300.0,10778652
2023-08-18,62700.29296875,66300.0,66700.0,65800.0,66000.0,11745006
2023-08-21,62984.0,66600.0,67100.0,66300.0,66600.0,9720067
2023-08-22,62984.0,66600.0,67700.0,66300.0,67200.0,10500242
2023-08-23,63456.84765625,67100.0,67100.0,66400.0,66700.0,9549352
2023-08-24,64497.12109375,68200.0,68700.0,67900.0,68300.0,15044463
2023-08-25,63456.84765625,67100.0,67400.0,66900.0,67100.0,7032462
2023-08-28,63173.13671875,66800.0,67000.0,66500.0,66800.0,5824628
2023-08-29,63173.13671875,66800.0,67200.0,66600.0,66900.0,9114352
2023-08-30,63456.84765625,67100.0,67700.0,67100.0,67300.0,9181223
2023-08-31,63267.70703125,66900.0,67200.0,66400.0,67100.0,15964630
2023-09-01,67145.09375,71000.0,71000.0,66700.0,66800.0,29738235
2023-09-04,67334.234375,71200.0,72900.0,70700.0,72900.0,26286495
2023-09-05,66861.3828125,70700.0,71500.0,70200.0,70900.0,12330239
2023-09-06,66199.390625,70000.0,70800.0,69700.0,70700.0,11414620
2023-09-07,66577.6796875,70400.0,70600.0,69600.0,70000.0,13741241
2023-09-08,66483.109375,70300.0,70300.0,69600.0,70200.0,10688118
2023-09-11,66955.953125,70800.0,70800.0,70000.0,70400.0,11785462
2023-09-12,66672.2578125,70500.0,71000.0,70400.0,70800.0,11688599
2023-09-13,67050.53125,70900.0,71600.0,70300.0,71100.0,15955797
2023-09-14,67807.1015625,71700.0,71800.0,70800.0,71200.0,21041407
2023-09-15,68090.8046875,72000.0,72300.0,71400.0,71700.0,17823512
2023-09-18,66388.5390625,70200.0,71700.0,70200.0,71300.0,16040727
2023-09-19,66010.25,69800.0,70800.0,69600.0,70400.0,11820188
2023-09-20,65821.109375,69600.0,70300.0,69500.0,70000.0,10873015
2023-09-21,65159.11328125,68900.0,69800.0,68800.0,69200.0,10796336
2023-09-22,65064.55078125,68800.0,68900.0,68300.0,68300.0,9897840
2023-09-25,65631.9765625,69400.0,69700.0,68500.0,68500.0,13582516
2023-09-26,65214.63671875,68600.0,70000.0,68400.0,70000.0,13143470
2023-09-27,65024.5078125,68400.0,69100.0,68200.0,68600.0,14886491
2023-10-04,64168.92578125,67500.0,67700.0,66700.0,67400.0,23361149
2023-10-05,63408.40234375,66700.0,67400.0,66700.0,67300.0,16108313
2023-10-06,62742.9453125,66000.0,67300.0,66000.0,67100.0,14386527
2023-10-10,63123.203125,66400.0,67600.0,66200.0,66200.0,19889202
2023-10-11,64834.375,68200.0,69400.0,67900.0,68600.0,25209349
2023-10-12,65499.828125,68900.0,69700.0,68200.0,68600.0,19311380
2023-10-13,64644.23828125,68000.0,68500.0,67700.0,68000.0,9724086
2023-10-16,63978.7890625,67300.0,68500.0,66800.0,67900.0,12599299
2023-10-17,65975.1640625,69400.0,69900.0,67400.0,67700.0,17299253
2023-10-18,67020.8828125,70500.0,70500.0,68800.0,68900.0,16493184
2023-10-19,66070.21875,69500.0,70000.0,69400.0,69700.0,13985012
2023-10-20,65404.76953125,68800.0,69200.0,68100.0,68900.0,15204495
2023-10-23,65024.5078125,68400.0,69100.0,68200.0,68700.0,11625959
2023-10-24,65119.57421875,68500.0,68800.0,67700.0,68700.0,12791710
2023-10-25,64644.23828125,68000.0,68800.0,67900.0,68800.0,10610703
2023-10-26,63408.40234375,66700.0,67900.0,66700.0,67000.0,15517624
2023-10-27,63978.7890625,67300.0,67300.0,66700.0,67100.0,11334726
2023-10-30,63978.7890625,67300.0,67800.0,66700.0,66800.0,10139270
2023-10-31,63598.53125,66900.0,68300.0,66900.0,67600.0,14488892
2023-11-01,65214.63671875,68600.0,68900.0,67300.0,67500.0,13775256
2023-11-02,66260.3671875,69700.0,70000.0,69400.0,70000.0,16350031
2023-11-03,66165.28125,69600.0,70200.0,69500.0,69700.0,10322234
2023-11-06,67401.1328125,70900.0,70900.0,69300.0,69800.0,22228489
2023-11-07,67401.1328125,70900.0,70900.0,70000.0,70600.0,17228731
2023-11-08,66450.4765625,69900.0,71400.0,69700.0,71300.0,12901310
2023-11-09,66830.75,70300.0,70800.0,69600.0,69900.0,12301373
2023-11-10,67020.8828125,70500.0,70500.0,69500.0,70000.0,9684347
2023-11-13,66925.8125,70400.0,71300.0,70300.0,71300.0,9246919
2023-11-14,67306.0625,70800.0,71100.0,70600.0,71000.0,9567984
2023-11-15,68636.9765625,72200.0,72200.0,71500.0,71600.0,20148677
2023-11-16,69207.3671875,72800.0,73000.0,72300.0,72500.0,15860451
2023-11-17,68922.171875,72500.0,73000.0,72300.0,72300.0,11494644
2023-11-20,69112.3046875,72700.0,73000.0,72100.0,72100.0,10610157
2023-11-21,69207.3671875,72800.0,73400.0,72700.0,73100.0,9712881
2023-11-22,69207.3671875,72800.0,73000.0,71900.0,72200.0,11105143
2023-11-23,68827.125,72400.0,73200.0,72200.0,73000.0,6775614
2023-11-24,68161.6640625,71700.0,72600.0,71700.0,72400.0,6676685
2023-11-27,67781.3984375,71300.0,72100.0,71100.0,71500.0,9113857
2023-11-28,69112.3046875,72700.0,72700.0,71300.0,71400.0,13283081
2023-11-29,69112.3046875,72700.0,72800.0,72200.0,72400.0,9283933
2023-11-30,69207.3671875,72800.0,72800.0,72200.0,72700.0,15783714
2023-12-01,68446.8515625,72000.0,72500.0,71700.0,72400.0,9871284
2023-12-04,69017.234375,72600.0,72900.0,72400.0,72800.0,10229267
2023-12-05,67686.3203125,71200.0,72400.0,71200.0,72300.0,12129682
2023-12-06,68161.6640625,71700.0,72100.0,71600.0,71800.0,8123087
2023-12-07,67971.515625,71500.0,71900.0,71100.0,71800.0,8862017
2023-12-08,69017.234375,72600.0,72800.0,71900.0,72100.0,10859463
2023-12-11,69397.5,73000.0,73000.0,72200.0,72800.0,9861960
2023-12-12,69872.828125,73500.0,73500.0,73100.0,73300.0,13758646
2023-12-13,69207.3671875,72800.0,73500.0,72800.0,73300.0,13116766
2023-12-14,69492.5625,73100.0,74300.0,72500.0,74100.0,27567593
2023-12-15,69682.6875,73300.0,74000.0,73200.0,73800.0,15419815
2023-12-18,69302.4296875,72900.0,73400.0,72800.0,73300.0,9690551
2023-12-19,69777.7578125,73400.0,73400.0,72800.0,73000.0,8907632
2023-12-20,71108.671875,74800.0,74900.0,73800.0,74200.0,16870156
2023-12-21,71298.796875,75000.0,75000.0,74300.0,74600.0,13478766
2023-12-22,72154.3984375,75900.0,76300.0,75400.0,75800.0,14515608
2023-12-26,72819.8359375,76600.0,76700.0,75700.0,76100.0,13164909
2023-12-27,74501.859375,78000.0,78000.0,76500.0,76700.0,20651042
2023-12-28,74979.4453125,78500.0,78500.0,77500.0,77700.0,17797536
2024-01-02,76030.109375,79600.0,79800.0,78200.0,78200.0,17142847
2024-01-03,73546.703125,77000.0,78800.0,77000.0,78500.0,21753644
2024-01-04,73164.65625,76600.0,77300.0,76100.0,76100.0,15324439
2024-01-05,73164.65625,76600.0,77100.0,76400.0,76700.0,11304316
2024-01-08,73069.140625,76500.0,77500.0,76400.0,77000.0,11088724
2024-01-09,71349.8515625,74700.0,77700.0,74300.0,77400.0,26019249
2024-01-10,70299.1953125,73600.0,75200.0,73200.0,75000.0,20259529
2024-01-11,69917.1484375,73200.0,73600.0,72700.0,72900.0,57691266
2024-01-12,69821.625,73100.0,74100.0,72800.0,73000.0,13038939
2024-01-15,70585.7421875,73900.0,74000.0,73200.0,73200.0,2957915
2024-01-16,69344.03125,72600.0,73700.0,72500.0,73500.0,14760415
2024-01-17,67815.8046875,71000.0,73300.0,71000.0,73100.0,22683660
2024-01-18,68484.40625,71700.0,72000.0,70700.0,71600.0,17853397
2024-01-19,71349.8515625,74700.0,74700.0,73000.0,73500.0,23363427
2024-01-22,71731.9296875,75100.0,76000.0,75000.0,75900.0,19673375
2024-01-23,71827.453125,75200.0,75800.0,74300.0,75700.0,14786224
2024-01-24,70681.2734375,74000.0,75200.0,73500.0,75200.0,12860661
2024-01-25,70776.7734375,74100.0,74800.0,73700.0,74200.0,11737747
2024-01-26,70108.1640625,73400.0,74500.0,73300.0,73700.0,11160062
2024-01-29,71063.3125,74400.0,75200.0,73500.0,73800.0,13976521
2024-01-30,70967.8046875,74300.0,75300.0,73700.0,75000.0,12244418
2024-01-31,69439.5625,72700.0,74000.0,72500.0,73400.0,15703560
2024-02-01,70299.1953125,73600.0,74200.0,72900.0,73000.0,19881033
2024-02-02,71827.453125,75200.0,75200.0,73700.0,74000.0,14955881
2024-02-05,70967.8046875,74300.0,74800.0,73500.0,74200.0,19026021
2024-02-06,71063.3125,74400.0,74700.0,73300.0,74300.0,14559254
2024-02-07,71636.4140625,75000.0,75500.0,74300.0,74600.0,16566445
2024-02-08,70776.7734375,74100.0,75200.0,73600.0,75000.0,20810708
2024-02-13,71827.453125,75200.0,75200.0,74400.0,74800.0,21966745
2024-02-14,70681.2734375,74000.0,74300.0,73700.0,73700.0,12434945
2024-02-15,69917.1484375,73200.0,74400.0,73000.0,74200.0,14120600
2024-02-16,69535.078125,72800.0,73400.0,72500.0,73300.0,13444781
2024-02-19,70490.21875,73800.0,73900.0,72800.0,72800.0,12726404
2024-02-20,70012.6484375,73300.0,73700.0,72800.0,73700.0,14681477
2024-02-21,69726.1015625,73000.0,73700.0,72900.0,73400.0,11503495
2024-02-22,69821.625,73100.0,73900.0,72700.0,73800.0,15208934
2024-02-23,69630.5859375,72900.0,74200.0,72900.0,73600.0,16225166
2024-02-26,69535.078125,72800.0,73200.0,72200.0,72300.0,14669352
2024-02-27,69630.5859375,72900.0,73400.0,72700.0,73100.0,13201981
2024-02-28,69917.1484375,73200.0,73900.0,72800.0,72900.0,11795859
2024-02-29,70108.1640625,73400.0,73400.0,72000.0,72600.0,21176403
2024-03-04,71540.90625,74900.0,75000.0,74000.0,74300.0,23210474
2024-03-05,70394.71875,73700.0,74800.0,73700.0,74600.0,19505125
2024-03-06,69630.5859375,72900.0,73500.0,72700.0,73200.0,21547905
2024-03-07,68961.984375,72200.0,73300.0,72200.0,73100.0,14516963
2024-03-08,70012.6484375,73300.0,73400.0,72600.0,72800.0,19271349
2024-03-11,69153.0234375,72400.0,73100.0,72300.0,72900.0,9740504
2024-03-12,70012.6484375,73300.0,73500.0,72100.0,72600.0,13011654
2024-03-13,70776.7734375,74100.0,74100.0,73500.0,73700.0,15243134
2024-03-14,70967.8046875,74300.0,74500.0,73600.0,74400.0,22545539
2024-03-15,69057.5078125,72300.0,73700.0,72300.0,73400.0,22580555
2024-03-18,69535.078125,72800.0,73000.0,72500.0,72600.0,11520348
2024-03-19,69535.078125,72800.0,73000.0,71700.0,72300.0,15376066
2024-03-20,73451.203125,76900.0,77200.0,73400.0,73700.0,50106297
2024-03-21,75743.5625,79300.0,79300.0,77700.0,79200.0,44569799
2024-03-22,75361.5078125,78900.0,79900.0,77800.0,79600.0,26724761
2024-03-25,74692.8984375,78200.0,79800.0,77800.0,79600.0,18703996
2024-03-26,76316.65625,79900.0,80100.0,79200.0,79700.0,30551494
2024-03-27,76221.140625,79800.0,80000.0,79200.0,79200.0,17424595
2024-03-28,77527.0078125,80800.0,81000.0,79200.0,79400.0,25084812
2024-03-29,79062.203125,82400.0,82500.0,80900.0,81200.0,27126366
2024-04-01,78678.3984375,82000.0,83300.0,82000.0,83200.0,20116513
2024-04-02,81556.875,85000.0,85000.0,82900.0,82900.0,37077944
2024-04-03,80693.3359375,84100.0,85000.0,83500.0,84300.0,30493347
2024-04-04,81844.7265625,85300.0,85500.0,84300.0,85200.0,25248934
2024-04-05,81077.140625,84500.0,85000.0,83800.0,84500.0,18883752
2024-04-08,81077.140625,84500.0,86000.0,84500.0,85200.0,18953232
2024-04-09,80213.59375,83600.0,84900.0,83100.0,84500.0,23725956
2024-04-11,80693.3359375,84100.0,84700.0,82500.0,83200.0,25538009
2024-04-12,80309.5390625,83700.0,84900.0,83200.0,84700.0,17061770
2024-04-15,78870.3046875,82200.0,83200.0,81200.0,82900.0,26663772
2024-04-16,76759.421875,80000.0,81300.0,79400.0,81200.0,31949845
2024-04-17,75703.9765625,78900.0,80800.0,78900.0,80700.0,22611631
2024-04-18,76375.6171875,79600.0,80100.0,78300.0,78800.0,21370190
2024-04-19,74456.6328125,77600.0,78700.0,76300.0,78300.0,31317563
2024-04-22,73017.3828125,76100.0,77500.0,75100.0,77400.0,30469477
2024-04-23,72441.7109375,75500.0,76800.0,75500.0,76400.0,18717699
2024-04-24,75416.140625,78600.0,78800.0,77200.0,77500.0,22166150
2024-04-25,73209.2890625,76300.0,77500.0,76300.0,77300.0,15549134
2024-04-26,73593.09375,76700.0,77900.0,76500.0,77800.0,12755629
2024-04-29,73593.09375,76700.0,77600.0,76200.0,77400.0,14664474
2024-04-30,74360.6875,77500.0,78500.0,76600.0,77000.0,19007007
2024-05-02,74840.421875,78000.0,78600.0,77300.0,77600.0,18900640
2024-05-03,74456.6328125,77600.0,79000.0,77500.0,79000.0,13151889
2024-05-07,78006.7734375,81300.0,81300.0,79400.0,79600.0,26238868
2024-05-08,78006.7734375,81300.0,81400.0,80500.0,80800.0,13089576
2024-05-09,76471.5703125,79700.0,81500.0,79700.0,81100.0,18759935
2024-05-10,75991.8125,79200.0,81100.0,78900.0,80400.0,16976124
2024-05-13,75224.2265625,78400.0,79900.0,77600.0,79400.0,18652344
2024-05-14,75128.2890625,78300.0,78800.0,77900.0,78600.0,11763992
2024-05-16,75032.328125,78200.0,80300.0,78100.0,80200.0,20989778
2024-05-17,74264.7265625,77400.0,78800.0,77200.0,78600.0,15918201
2024-05-20,75703.9765625,78900.0,79100.0,77900.0,78100.0,19456783
2024-05-21,75224.2265625,78400.0,79000.0,78200.0,78500.0,13690583
2024-05-22,74552.578125,77700.0,78700.0,77300.0,78100.0,19521506
2024-05-23,75128.2890625,78300.0,79100.0,77100.0,77700.0,18728087
2024-05-24,72825.5078125,75900.0,77000.0,75700.0,76800.0,27891278
2024-05-27,74072.84375,77200.0,78200.0,74000.0,75300.0,43825202
2024-05-28,74456.6328125,77600.0,78000.0,76200.0,76500.0,18539072
2024-05-29,72153.8671875,75200.0,78200.0,75200.0,77700.0,30244875
2024-05-30,70522.71875,73500.0,75200.0,73500.0,74800.0,28551273
2024-05-31,70522.71875,73500.0,74700.0,73500.0,74500.0,26198776
2024-06-03,72633.5859375,75700.0,76400.0,74200.0,74400.0,15706268
2024-06-04,72249.7890625,75300.0,76100.0,74900.0,74900.0,14098053
2024-06-05,74264.7265625,77400.0,78000.0,76800.0,78000.0,23177968
2024-06-07,74168.78125,77300.0,78600.0,77100.0,78400.0,21189349
2024-06-10,72633.5859375,75700.0,76600.0,75600.0,76100.0,14598755
2024-06-11,72153.8671875,75200.0,76000.0,75100.0,75900.0,16971175
2024-06-12,73401.1953125,76500.0,77100.0,75200.0,75300.0,19246725
2024-06-13,75416.140625,78600.0,79000.0,77800.0,78400.0,33763804
2024-06-14,76375.6171875,79600.0,80500.0,79000.0,79700.0,22926612
2024-06-17,74936.390625,78100.0,79500.0,78000.0,79200.0,16123051
2024-06-18,76567.515625,79800.0,80200.0,78600.0,78700.0,18207598
2024-06-19,77910.8046875,81200.0,82500.0,80500.0,81100.0,24168863
2024-06-20,78294.609375,81600.0,82200.0,81200.0,81500.0,20288913
2024-06-21,76759.421875,80000.0,80800.0,80000.0,80700.0,17907523
2024-06-24,77335.1171875,80600.0,80900.0,79500.0,79700.0,15454227
2024-06-25,77527.0078125,80800.0,81800.0,80100.0,80600.0,19088458
2024-06-26,78006.7734375,81300.0,81400.0,79900.0,80100.0,17783242
2024-06-27,78643.8203125,81600.0,81600.0,80500.0,81300.0,11739720
2024-06-28,78547.4296875,81500.0,81900.0,80800.0,81900.0,9455929
2024-07-01,78836.5625,81800.0,82100.0,81300.0,81500.0,11317202
2024-07-02,78836.5625,81800.0,82600.0,81500.0,82500.0,14471904
2024-07-03,78836.5625,81800.0,82300.0,81000.0,82300.0,11440328
2024-07-04,81535.125,84600.0,84700.0,82400.0,82900.0,43857229
2024-07-05,83944.5703125,87100.0,87100.0,85200.0,85600.0,45791193
2024-07-08,84233.6953125,87400.0,88600.0,86900.0,87900.0,24035809
2024-07-09,84619.203125,87800.0,88200.0,86900.0,87800.0,21336201
2024-07-10,84619.203125,87800.0,88000.0,87100.0,87600.0,17813847
2024-07-11,84426.4375,87600.0,88800.0,86700.0,88500.0,24677608
2024-07-12,81342.375,84400.0,86100.0,84100.0,85900.0,26344386
2024-07-15,83559.0546875,86700.0,87300.0,84100.0,84700.0,25193080
2024-07-16,84522.828125,87700.0,88000.0,86700.0,86900.0,16166688
2024-07-17,83559.0546875,86700.0,88000.0,86400.0,87100.0,18186490
2024-07-18,83751.796875,86900.0,86900.0,83800.0,83800.0,24721790
2024-07-19,81342.375,84400.0,86100.0,84100.0,85600.0,18569122
2024-07-22,79993.09375,83000.0,84900.0,82600.0,84400.0,18987560
2024-07-23,80860.484375,83900.0,84700.0,83400.0,84200.0,15766389
2024-07-24,79029.3203125,82000.0,83300.0,81900.0,82900.0,16939083
2024-07-25,77487.28125,80400.0,81000.0,80100.0,80400.0,20323811
2024-07-26,77969.1640625,80900.0,81300.0,80400.0,80700.0,14508334
2024-07-29,78258.296875,81200.0,82000.0,81100.0,81600.0,12797136
2024-07-30,78065.5625,81000.0,81000.0,80000.0,80400.0,13169636
2024-07-31,80860.484375,83900.0,83900.0,80900.0,81200.0,20744323
2024-08-01,80089.46875,83100.0,86100.0,83100.0,86000.0,20900338
2024-08-02,76716.265625,79600.0,81400.0,79500.0,81000.0,25800275
2024-08-05,68813.3359375,71400.0,76900.0,70200.0,76700.0,54608790
2024-08-06,69873.4921875,72500.0,75300.0,72300.0,74900.0,47295226
2024-08-07,71993.7734375,74700.0,76000.0,72800.0,73000.0,32710428
2024-08-08,70740.875,73400.0,73900.0,72500.0,73200.0,28414729
2024-08-09,71993.7734375,74700.0,75800.0,74200.0,75700.0,16388222
2024-08-12,72764.8125,75500.0,75900.0,74800.0,75200.0,9839259
2024-08-13,73343.0546875,76100.0,76600.0,75500.0,76500.0,10716261
2024-08-14,74403.21875,77200.0,77800.0,77000.0,77400.0,13246168
2024-08-16,77294.53125,80200.0,80200.0,78700.0,79400.0,22061478
2024-08-19,75463.375,78300.0,80100.0,78000.0,80100.0,14146565
2024-08-20,76041.6328125,78900.0,79800.0,78700.0,79500.0,10683836
2024-08-21,75463.375,78300.0,78600.0,77800.0,77900.0,7805598
2024-08-22,75463.375,78300.0,78900.0,77800.0,78700.0,8149101
2024-08-23,74885.09375,77700.0,78400.0,77500.0,77700.0,9420306
2024-08-26,73343.0546875,76100.0,78200.0,76000.0,78100.0,15655938
2024-08-27,73053.9375,75800.0,76500.0,75600.0,75700.0,11130145
2024-08-28,73632.1875,76400.0,76400.0,75400.0,75800.0,9794514
2024-08-29,71319.15625,74000.0,74700.0,73500.0,73600.0,16884479
2024-08-30,71608.28125,74300.0,75000.0,74100.0,74400.0,16358520
2024-09-02,71704.6484375,74400.0,74700.0,73500.0,74500.0,12641376
2024-09-03,69873.4921875,72500.0,74300.0,72500.0,74100.0,16314599
2024-09-04,67464.0546875,70000.0,71100.0,69800.0,69800.0,27366563
2024-09-05,66500.2890625,69000.0,71200.0,69000.0,70100.0,25686769
2024-09-06,66403.90625,68900.0,69700.0,68000.0,69100.0,19022299
2024-09-09,65054.62890625,67500.0,68200.0,66600.0,66900.0,23263298
2024-09-10,63801.7109375,66200.0,67300.0,66000.0,67000.0,30651376
2024-09-11,62548.8203125,64900.0,65500.0,64200.0,65100.0,35809707
2024-09-12,63898.10546875,66300.0,66600.0,65200.0,66000.0,35884106
2024-09-13,62066.9296875,64400.0,65500.0,64300.0,65000.0,25045135
2024-09-19,60814.0234375,63100.0,64400.0,62200.0,64000.0,49402713
2024-09-20,60717.6484375,63000.0,64700.0,63000.0,63800.0,32746056
2024-09-23,60332.140625,62600.0,63500.0,62200.0,62300.0,28542376
2024-09-24,60910.41015625,63200.0,63400.0,62400.0,62800.0,26957500
2024-09-25,59946.6328125,62200.0,64200.0,62200.0,63800.0,28652438
2024-09-26,62356.05859375,64700.0,64900.0,63700.0,63900.0,37566015
2024-09-27,62221.34375,64200.0,65400.0,64200.0,64700.0,28433030
2024-09-30,59604.55859375,61500.0,64300.0,61500.0,64200.0,32694163
2024-10-02,59410.72265625,61300.0,61900.0,59900.0,60500.0,28473536
2024-10-04,58732.296875,60600.0,61700.0,60500.0,61000.0,24247578
2024-10-07,59119.97265625,61000.0,61900.0,59500.0,60200.0,35066533
2024-10-08,58441.546875,60300.0,61000.0,59900.0,60000.0,27411786
2024-10-10,57084.69140625,58900.0,60200.0,58900.0,60100.0,45262214
2024-10-11,57472.3671875,59300.0,60100.0,59000.0,59100.0,29623969
2024-10-14,57472.3671875,59300.0,61200.0,59400.0,59500.0,20886249
2024-10-15,59119.97265625,61000.0,61400.0,60100.0,61100.0,22715239
2024-10-16,57666.20703125,59500.0,60000.0,59200.0,59400.0,23303268
2024-10-17,57860.03515625,59700.0,60100.0,59100.0,59400.0,23372873
2024-10-18,57375.4453125,59200.0,60100.0,59100.0,59900.0,14420260
2024-10-21,57181.61328125,59000.0,59600.0,58500.0,59000.0,18514905
2024-10-22,55921.67578125,57700.0,58900.0,57700.0,58800.0,27582527
2024-10-23,57278.52734375,59100.0,60000.0,57100.0,57500.0,27300780
2024-10-24,54855.58203125,56600.0,58500.0,56600.0,58200.0,31499922
2024-10-25,54177.15234375,55900.0,56900.0,55800.0,56000.0,25829315
2024-10-28,56309.3515625,58100.0,58500.0,55700.0,55700.0,27775009
2024-10-29,57763.12109375,59600.0,59600.0,57300.0,58000.0,28369314
2024-10-30,57278.52734375,59100.0,59800.0,58600.0,59100.0,19838511
2024-10-31,57375.4453125,59200.0,61200.0,58300.0,58500.0,35809196
2024-11-01,56503.18359375,58300.0,59600.0,58100.0,59000.0,19083180
2024-11-04,56890.859375,58700.0,59400.0,58400.0,58600.0,15586947
2024-11-05,55824.765625,57600.0,58100.0,57200.0,57800.0,17484474
2024-11-06,55534.0078125,57300.0,58000.0,56300.0,57600.0,22092218
2024-11-07,55534.0078125,57300.0,58100.0,56800.0,56900.0,17043102
2024-11-08,55243.25,57000.0,58300.0,57000.0,58000.0,13877396
2024-11-11,53304.89453125,55000.0,56800.0,55000.0,56700.0,29811326
2024-11-12,51366.53125,53000.0,54600.0,53000.0,54600.0,37962881
2024-11-13,49040.49609375,50600.0,53000.0,50500.0,52000.0,52527995
2024-11-14,48362.078125,49900.0,51800.0,49900.0,50200.0,48510715
2024-11-15,51851.12109375,53500.0,54200.0,50300.0,50300.0,46774485
2024-11-18,54952.49609375,56700.0,57500.0,55900.0,57000.0,48095234
2024-11-19,54564.82421875,56300.0,57500.0,55900.0,56500.0,31539632
2024-11-20,53595.65234375,55300.0,56500.0,54800.0,56100.0,20864667
2024-11-21,54661.74609375,56400.0,56900.0,54700.0,54900.0,19096850
2024-11-22,54274.0703125,56000.0,56700.0,55900.0,56000.0,15281543
2024-11-25,56115.515625,57900.0,57900.0,56700.0,57400.0,36237325
2024-11-26,56503.18359375,58300.0,58900.0,57500.0,57900.0,23209405
2024-11-27,54564.82421875,56300.0,57800.0,56000.0,57700.0,21808387
2024-11-28,53789.48046875,55500.0,56400.0,55200.0,56000.0,20001134
2024-11-29,52529.55078125,54200.0,55300.0,53800.0,55100.0,24513531
2024-12-02,51948.0390625,53600.0,54400.0,53100.0,54300.0,22044867
2024-12-03,51948.0390625,53600.0,54400.0,53100.0,53100.0,23374603
2024-12-04,51463.453125,53100.0,53400.0,52000.0,52000.0,29004766
2024-12-05,52044.95703125,53700.0,54400.0,53200.0,53200.0,23588277
2024-12-06,52432.62890625,54100.0,54400.0,52700.0,53900.0,22861874
2024-12-09,51754.20703125,53400.0,54600.0,53200.0,53500.0,26227680
2024-12-10,52335.70703125,54000.0,54500.0,53700.0,54500.0,20783970
2024-12-11,52335.70703125,54000.0,54200.0,53400.0,53600.0,14565947
2024-12-12,54177.15234375,55900.0,56500.0,53900.0,54000.0,33476698
2024-12-13,54370.98828125,56100.0,56300.0,55500.0,55800.0,15908823
2024-12-16,53886.39453125,55600.0,56600.0,55200.0,56300.0,15277277
2024-12-17,52529.55078125,54200.0,55200.0,54000.0,54700.0,20215230
2024-12-18,53207.9765625,54900.0,55400.0,54000.0,54100.0,13698937
2024-12-19,51463.453125,53100.0,53800.0,53100.0,53500.0,22481925
2024-12-20,51366.53125,53000.0,53100.0,51900.0,52700.0,24674774
2024-12-23,51851.12109375,53500.0,54000.0,53300.0,53400.0,13672650
2024-12-24,52723.38671875,54400.0,54500.0,53600.0,53700.0,11634677
2024-12-26,51948.0390625,53600.0,54600.0,53500.0,54500.0,10517075
2024-12-27,52399.83203125,53700.0,54100.0,53200.0,53500.0,10747196
2024-12-30,51911.93359375,53200.0,54000.0,53100.0,53300.0,12624702
2025-01-02,52107.08984375,53400.0,53600.0,52300.0,52700.0,16630538
2025-01-03,53082.8828125,54400.0,55100.0,52800.0,52800.0,19318046
2025-01-06,54546.5625,55900.0,56200.0,54300.0,54400.0,19034284
2025-01-07,54058.67578125,55400.0,57300.0,55400.0,56800.0,17030235
2025-01-08,55912.66796875,57300.0,57500.0,54700.0,54800.0,26593553
2025-01-09,54741.72265625,56100.0,57700.0,56100.0,57600.0,24490592
2025-01-10,53961.09375,55300.0,56500.0,55200.0,56100.0,16059223
2025-01-13,52790.140625,54100.0,55000.0,54100.0,54600.0,16868600
2025-01-14,52594.984375,53900.0,54600.0,53700.0,54200.0,17465926
2025-01-15,52399.83203125,53700.0,54700.0,53500.0,54100.0,18625025
2025-01-16,52985.30078125,54300.0,55000.0,54100.0,54200.0,18627298
2025-01-17,52399.83203125,53700.0,54100.0,53200.0,53800.0,18805344
2025-01-20,52107.08984375,53400.0,53900.0,53300.0,53600.0,11822531
2025-01-21,52204.671875,53500.0,54300.0,53300.0,53700.0,13535702
2025-01-22,52985.30078125,54300.0,54400.0,53100.0,53400.0,18341991
2025-01-23,52399.83203125,53700.0,54100.0,53500.0,53700.0,15588067
2025-01-24,52399.83203125,53700.0,53800.0,53200.0,53600.0,11867631
2025-01-31,51131.3046875,52400.0,53000.0,51700.0,52200.0,42186279
2025-02-03,49765.203125,51000.0,51400.0,50800.0,51100.0,32344897
2025-02-04,51424.04296875,52700.0,53600.0,51500.0,51600.0,27214851
2025-02-05,51619.19921875,52900.0,53800.0,52800.0,53600.0,15974885
2025-02-06,52692.56640625,54000.0,54000.0,53200.0,53400.0,16466025
2025-02-07,52399.83203125,53700.0,54200.0,53600.0,53900.0,14476866
2025-02-10,54253.828125,55600.0,55900.0,52900.0,53000.0,27577591
2025-02-11,54351.40625,55700.0,56300.0,55000.0,55500.0,24596196
2025-02-12,54448.984375,55800.0,55900.0,54500.0,55100.0,26428596
2025-02-13,54448.984375,55800.0,56400.0,55600.0,56100.0,22448377
2025-02-14,54644.140625,56000.0,57300.0,56000.0,56000.0,23979779
2025-02-17,54644.140625,56000.0,56500.0,55700.0,56100.0,11916027
2025-02-18,55522.3515625,56900.0,57200.0,55900.0,56200.0,22131007
2025-02-19,57278.7734375,58700.0,58900.0,57300.0,57400.0,25395151
2025-02-20,56986.03125,58400.0,59100.0,58100.0,59100.0,21589059
2025-02-21,56790.87890625,58200.0,58500.0,57100.0,58400.0,22198428
2025-02-24,55912.66796875,57300.0,57700.0,57200.0,57300.0,14138471
2025-02-25,55815.0859375,57200.0,57800.0,56500.0,56600.0,14625181
2025-02-26,55229.61328125,56600.0,57100.0,56100.0,57000.0,18117091
2025-02-27,54936.8828125,56300.0,57100.0,56200.0,56500.0,14975356
2025-02-28,53180.46484375,54500.0,55700.0,54500.0,55400.0,28036698
2025-03-04,53180.46484375,54500.0,55000.0,53800.0,53900.0,18553933
2025-03-05,52692.56640625,54000.0,55400.0,54000.0,55100.0,16578817
2025-03-06,52985.30078125,54300.0,54500.0,54000.0,54100.0,12258101
2025-03-07,52399.83203125,53700.0,54200.0,53400.0,53500.0,14274992
2025-03-10,52399.83203125,53700.0,54800.0,53500.0,53500.0,12921670
2025-03-11,52302.24609375,53600.0,54100.0,52500.0,52500.0,17740891
2025-03-12,53570.7734375,54900.0,55300.0,53600.0,53800.0,17973221
2025-03-13,53375.625,54700.0,55900.0,54200.0,55800.0,24132151
2025-03-14,53375.625,54700.0,55100.0,54400.0,54500.0,10845154
2025-03-17,56205.3984375,57600.0,57800.0,55400.0,55500.0,35559021
2025-03-18,56205.3984375,57600.0,59000.0,57300.0,58800.0,28138594
2025-03-19,57083.609375,58500.0,59200.0,57400.0,57400.0,29421759
2025-03-20,58742.453125,60200.0,60300.0,58500.0,59200.0,34989004
2025-03-21,60206.140625,61700.0,61700.0,60400.0,60900.0,40155612
2025-03-24,59035.19140625,60500.0,61600.0,60500.0,61200.0,14088094
2025-03-25,58352.140625,59800.0,61100.0,59500.0,60900.0,17259455
2025-03-26,59913.40234375,61400.0,61400.0,59700.0,59800.0,16431645
2025-03-27,60303.71484375,61800.0,62000.0,60800.0,60900.0,20389790
2025-03-28,59091.45703125,60200.0,61100.0,60000.0,60700.0,16282514
2025-03-31,56735.65234375,57800.0,59700.0,57800.0,59500.0,17633494
2025-04-01,57717.23828125,58800.0,59600.0,57900.0,58700.0,13841706
2025-04-02,57717.23828125,58800.0,59400.0,58300.0,58800.0,14402297
2025-04-03,56539.328125,57600.0,57800.0,56900.0,56900.0,19508076
2025-04-04,55066.95703125,56100.0,58200.0,55700.0,56200.0,23527139
2025-04-07,52220.35546875,53200.0,54100.0,53100.0,53300.0,31998883
2025-04-08,52514.83203125,53500.0,55300.0,53300.0,55000.0,25532845
2025-04-09,52024.04296875,53000.0,54300.0,52900.0,53300.0,20576960
2025-04-10,55361.43359375,56400.0,56700.0,55000.0,56600.0,22948172
2025-04-11,54183.52734375,55200.0,55700.0,54800.0,55600.0,13930480
2025-04-14,55165.1171875,56200.0,56700.0,55800.0,56300.0,12852613
2025-04-15,55557.74609375,56600.0,57100.0,56200.0,56300.0,8998640
2025-04-16,53692.7421875,54700.0,56200.0,54500.0,56000.0,14437025
2025-04-17,54085.37109375,55100.0,55300.0,54500.0,54700.0,10867069
2025-04-18,54281.69140625,55300.0,55600.0,54900.0,55300.0,5848342
2025-04-21,54379.8515625,55400.0,56000.0,55100.0,55200.0,5941847
2025-04-22,53987.21484375,55000.0,55500.0,54700.0,54900.0,9532469
2025-04-23,54674.3203125,55700.0,56100.0,55500.0,56000.0,11148692
2025-04-24,54674.3203125,55700.0,55800.0,55200.0,55600.0,10580377
2025-04-25,54674.3203125,55700.0,56400.0,55600.0,56400.0,12183303
2025-04-28,54772.48046875,55800.0,55900.0,55500.0,55800.0,9341518
2025-04-29,54772.48046875,55800.0,56500.0,55600.0,55700.0,10295518
2025-04-30,54478.0078125,55500.0,56000.0,55300.0,55900.0,13014189
2025-05-02,53300.1015625,54300.0,55500.0,54200.0,55000.0,22454204
2025-05-07,53594.578125,54600.0,55000.0,54300.0,54500.0,17136991
2025-05-08,53594.578125,54600.0,55500.0,54500.0,55100.0,16320532
2025-05-09,53790.89453125,54800.0,55000.0,54400.0,54700.0,7814322
2025-05-12,56539.328125,57600.0,57600.0,55000.0,55200.0,15414702
2025-05-13,55852.22265625,56900.0,58200.0,56800.0,57700.0,16842801
2025-05-14,56343.015625,57400.0,57900.0,57000.0,57500.0,12468089
2025-05-15,56244.859375,57300.0,58600.0,57100.0,57400.0,13139736
2025-05-16,55754.0625,56800.0,57500.0,56700.0,57400.0,10385352
2025-05-19,54772.48046875,55800.0,56400.0,55500.0,56400.0,9802105
2025-05-20,54870.63671875,55900.0,56700.0,55700.0,56200.0,9080577
2025-05-21,54674.3203125,55700.0,56600.0,55700.0,56200.0,7794181
2025-05-22,53692.7421875,54700.0,55500.0,54500.0,55300.0,15254278
2025-05-23,53201.9375,54200.0,55200.0,54100.0,55000.0,11247115
2025-05-26,53692.7421875,54700.0,55000.0,53700.0,53900.0,10901337
2025-05-27,52907.46484375,53900.0,54500.0,53800.0,54200.0,13439520
2025-05-28,54870.63671875,55900.0,56100.0,54200.0,54300.0,17516283
2025-05-29,55066.95703125,56100.0,56400.0,55600.0,56200.0,12936810
2025-05-30,55165.1171875,56200.0,57200.0,55800.0,56200.0,26219683
2025-06-02,55754.0625,56800.0,57300.0,56200.0,56300.0,12870515
2025-06-04,56735.65234375,57800.0,57900.0,56800.0,57200.0,19649983
2025-06-05,58011.71484375,59100.0,59900.0,57900.0,58100.0,23266027
2025-06-09,58698.82421875,59800.0,60400.0,59500.0,60400.0,19609659
2025-06-10,58109.8671875,59200.0,60100.0,58800.0,60000.0,15305760
2025-06-11,58796.98046875,59900.0,60100.0,59400.0,59500.0,13610734
2025-06-12,58404.34765625,59500.0,60000.0,59300.0,59700.0,17755115
2025-06-13,57226.4453125,58300.0,60200.0,57700.0,60200.0,20705979
2025-06-16,56146.69921875,57200.0,58100.0,56900.0,58000.0,22200872
2025-06-17,57030.12890625,58100.0,59800.0,57400.0,57800.0,28637003
2025-06-18,58698.82421875,59800.0,59800.0,57900.0,58000.0,17620705
2025-06-19,58109.8671875,59200.0,60600.0,59000.0,60500.0,16876278
2025-06-20,58404.34765625,59500.0,59800.0,59100.0,59400.0,18072251
2025-06-23,56931.97265625,58000.0,58500.0,57600.0,58400.0,16551694
2025-06-24,59385.93359375,60500.0,60600.0,59300.0,59400.0,23737899
2025-06-25,60171.203125,61300.0,61600.0,60300.0,61500.0,23933612
2025-06-26,59091.45703125,60200.0,61300.0,59900.0,61300.0,19402300
2025-06-27,60046.4765625,60800.0,61600.0,60000.0,60100.0,17340470
2025-06-30,59058.8671875,59800.0,61200.0,59800.0,61200.0,17110294
2025-07-01,59453.91015625,60200.0,61100.0,60200.0,60400.0,13650991
2025-07-02,60046.4765625,60800.0,60900.0,59800.0,60200.0,15047951
2025-07-03,63009.29296875,63800.0,63800.0,61100.0,61300.0,32040639
2025-07-04,62515.484375,63300.0,64700.0,63000.0,64700.0,23748959
2025-07-07,60935.31640625,61700.0,63300.0,61700.0,62900.0,17164708
2025-07-08,60639.0390625,61400.0,62400.0,61000.0,61600.0,20213724
2025-07-09,59651.43359375,60400.0,61400.0,60200.0,61400.0,17533415
2025-07-10,60244.0,61000.0,61200.0,60400.0,60600.0,14768473
2025-07-11,61824.16015625,62600.0,62800.0,61200.0,61300.0,19140650
2025-07-14,61725.40625,62500.0,62600.0,61800.0,62300.0,13563846
2025-07-15,62910.53125,63700.0,63800.0,62000.0,62300.0,18442202
2025-07-16,63898.13671875,64700.0,64700.0,63100.0,63700.0,23042660
2025-07-17,65873.3515625,66700.0,66800.0,64400.0,65900.0,39448683
2025-07-18,66268.390625,67100.0,67800.0,66300.0,67000.0,23951531
2025-07-21,66959.71875,67800.0,68800.0,67200.0,67400.0,17723148
2025-07-22,65182.02734375,66000.0,68500.0,65600.0,68100.0,20829006
2025-07-23,65577.078125,66400.0,66500.0,64900.0,66200.0,15687058
2025-07-24,65182.02734375,66000.0,66800.0,65900.0,66500.0,12660193
2025-07-25,65083.2734375,65900.0,66300.0,65500.0,65700.0,8080910
2025-07-28,69527.5,70400.0,70400.0,67200.0,68200.0,35332500
2025-07-29,69725.0234375,70600.0,70800.0,68800.0,70800.0,28190940
2025-07-30,71700.2265625,72600.0,73700.0,70600.0,71000.0,34761444
2025-07-31,70515.109375,71400.0,74000.0,71000.0,73000.0,26568072
2025-08-01,68046.09375,68900.0,72000.0,68800.0,70200.0,24038534
2025-08-04,68836.171875,69700.0,70200.0,68700.0,69500.0,14780072
2025-08-05,69033.6953125,69900.0,71500.0,69700.0,71000.0,14392903
2025-08-06,67947.328125,68800.0,69400.0,68300.0,69200.0,12542415
2025-08-07,69626.2578125,70500.0,71000.0,69700.0,70800.0,15008213
2025-08-08,70910.1484375,71800.0,72400.0,70700.0,71000.0,22241128
2025-08-11,70120.0546875,71000.0,72100.0,70800.0,72000.0,11354253
2025-08-12,70218.8203125,71100.0,72400.0,71100.0,71100.0,15797656
2025-08-13,71008.90625,71900.0,72100.0,71400.0,71900.0,12305742
2025-08-14,70712.625,71600.0,71900.0,71200.0,71900.0,11946122
2025-08-18,69132.453125,70000.0,71200.0,70000.0,71100.0,13595591
2025-08-19,69132.453125,70000.0,70700.0,69700.0,70400.0,10533082
2025-08-20,69626.2578125,70500.0,70700.0,69400.0,70100.0,17445516
2025-08-21,69725.0234375,70600.0,71900.0,70600.0,71500.0,18843833
2025-08-22,70515.109375,71400.0,71800.0,70800.0,71700.0,9277432
2025-08-25,70613.859375,71500.0,71800.0,71000.0,71700.0,10345178
2025-08-26,69428.734375,70300.0,71100.0,70300.0,70800.0,14712519
2025-08-27,69725.0234375,70600.0,70900.0,69800.0,70100.0,10523405
2025-08-28,68737.4140625,69600.0,70400.0,69600.0,70100.0,11578024
2025-08-29,68836.171875,69700.0,70500.0,69700.0,70100.0,11682267
2025-09-01,66762.1953125,67600.0,68600.0,67500.0,68400.0,12002343
2025-09-02,68243.6171875,69100.0,69500.0,67800.0,67800.0,10604028
2025-09-03,68934.9296875,69800.0,69800.0,68800.0,69200.0,10283009
2025-09-04,69231.2109375,70100.0,70100.0,69300.0,69500.0,12284414
2025-09-05,68638.6484375,69500.0,70400.0,69500.0,70300.0,11526724
2025-09-08,69231.2109375,70100.0,70500.0,69600.0,69800.0,9263135
2025-09-09,70613.859375,71500.0,71500.0,70000.0,70100.0,14870245
2025-09-10,71700.2265625,72600.0,72800.0,71600.0,71800.0,21928565
2025-09-11,72490.3203125,73400.0,73600.0,72100.0,73200.0,20793501
2025-09-12,74465.53125,75400.0,75600.0,74200.0,74600.0,28219678
2025-09-15,75551.890625,76500.0,77600.0,75900.0,77200.0,19908805
2025-09-16,78415.9609375,79400.0,79500.0,76700.0,76900.0,28218265
2025-09-17,77230.8203125,78200.0,79100.0,77100.0,79100.0,20856317
2025-09-18,79304.8046875,80300.0,80500.0,78600.0,79100.0,25619035
2025-09-22,82465.140625,83500.0,84000.0,81100.0,81500.0,27529656
2025-09-23,83650.2578125,84700.0,85900.0,83600.0,85800.0,23610263
2025-09-24,84341.59375,85400.0,85500.0,83700.0,84200.0,18300997
2025-09-25,85032.9140625,86100.0,86200.0,84100.0,84400.0,19665151
2025-09-26,82267.609375,83300.0,85300.0,82400.0,85000.0,24071193
2025-09-29,83527.4765625,84200.0,85000.0,83200.0,83300.0,13069094
2025-09-30,83229.875,83900.0,84900.0,83400.0,84600.0,16319061
2025-10-01,85313.1015625,86000.0,86200.0,84700.0,84900.0,22039361
2025-10-02,89033.1484375,89750.0,90300.0,88700.0,89300.0,49883028
2025-10-10,93646.0078125,94400.0,94500.0,92700.0,94000.0,35269748
2025-10-13,92554.796875,93300.0,93400.0,90700.0,91300.0,23883308
2025-10-14,90868.3671875,91600.0,96000.0,90200.0,95300.0,35545235
2025-10-15,94241.21875,95000.0,95300.0,92100.0,92300.0,21050111
2025-10-16,96919.6484375,97700.0,97700.0,95000.0,95300.0,28141060
2025-10-17,97118.0546875,97900.0,99100.0,96700.0,97200.0,22730809
2025-10-20,97316.453125,98100.0,98300.0,96000.0,97900.0,17589756
2025-10-21,96721.2421875,97500.0,99900.0,97300.0,98500.0,22803830
2025-10-22,97812.453125,98600.0,98600.0,95500.0,97100.0,15937611
2025-10-23,95729.234375,96500.0,98500.0,96300.0,96800.0,18488581
2025-10-24,98010.859375,98800.0,99000.0,97700.0,97900.0,18801925
2025-10-27,101185.3046875,102000.0,102000.0,100600.0,101300.0,22169970
2025-10-28,98705.2734375,99500.0,101000.0,99100.0,100900.0,20002282
2025-10-29,99697.2890625,100500.0,101000.0,99100.0,100200.0,20899788
2025-10-30,103268.5390625,104100.0,105800.0,102000.0,102400.0,34570017
2025-10-31,106641.375,107500.0,108600.0,103300.0,105000.0,54824564
2025-11-03,110212.625,111100.0,111500.0,106500.0,106900.0,30110066
2025-11-04,104062.1484375,104900.0,112400.0,104900.0,111800.0,30450281
2025-11-05,99796.484375,100600.0,102000.0,96700.0,101000.0,44843020
2025-11-06,98407.671875,99200.0,103800.0,98800.0,103700.0,28655689
2025-11-07,97118.0546875,97900.0,100300.0,96300.0,96400.0,22908083
2025-11-10,99796.484375,100600.0,101000.0,97900.0,98600.0,23842327
2025-11-11,102673.328125,103500.0,106000.0,102000.0,103700.0,27742542
2025-11-12,102276.515625,103100.0,103900.0,101600.0,103000.0,19413497
2025-11-13,101978.9140625,102800.0,104200.0,102300.0,102500.0,20838741
2025-11-14,96423.640625,97200.0,99600.0,97200.0,99000.0,21806342
2025-11-17,99796.484375,100600.0,101000.0,99500.0,99800.0,17192584
2025-11-18,97018.8515625,97800.0,100900.0,97500.0,99800.0,18684068
2025-11-19,95729.234375,96500.0,97500.0,94600.0,97100.0,18993346
2025-11-20,99796.484375,100600.0,102900.0,99500.0,100900.0,25360435
2025-11-21,94042.8125,94800.0,96800.0,94500.0,95600.0,23103574
2025-11-24,95927.640625,96700.0,99000.0,96200.0,97800.0,29831172
2025-11-25,98506.8671875,99300.0,101400.0,97800.0,101400.0,16110054
2025-11-26,101978.9140625,102800.0,102900.0,99300.0,100500.0,21314975
2025-11-27,102673.328125,103500.0,105500.0,102700.0,104100.0,16453004
2025-11-28,99697.2890625,100500.0,103800.0,100500.0,103800.0,15292277
2025-12-01,99994.890625,100800.0,102800.0,99900.0,102000.0,10905526
2025-12-02,102574.125,103400.0,103500.0,101000.0,101200.0,13649487
2025-12-03,103665.3359375,104500.0,105500.0,104000.0,104700.0,14697927
2025-12-04,104260.546875,105100.0,105100.0,103200.0,103900.0,11931145
2025-12-05,107534.1796875,108400.0,108400.0,104600.0,105300.0,19755571
2025-12-08,108625.3984375,109500.0,110000.0,108000.0,109700.0,15527762
2025-12-09,107534.1796875,108400.0,109400.0,107300.0,108900.0,13671800
2025-12-10,107137.3828125,108000.0,109800.0,107400.0,108300.0,12365092
2025-12-11,106442.96875,107300.0,110500.0,107300.0,109200.0,22994507
2025-12-12,108030.1953125,108900.0,108900.0,106800.0,107100.0,14210314
2025-12-15,103962.9375,104800.0,105800.0,104600.0,105300.0,20594654
2025-12-16,101978.9140625,102800.0,105600.0,102700.0,104900.0,18852079
2025-12-17,107038.1796875,107900.0,108100.0,103400.0,103500.0,22297611
2025-12-18,106740.578125,107600.0,108200.0,105700.0,106400.0,20445631
2025-12-19,105450.9609375,106300.0,109700.0,106200.0,109700.0,25917098
2025-12-22,109617.4140625,110500.0,110500.0,109300.0,109700.0,24859171
2025-12-23,110609.4296875,111500.0,112500.0,110400.0,110900.0,20419187
2025-12-24,110212.625,111100.0,112400.0,110900.0,112400.0,12492939
2025-12-26,116065.4921875,117000.0,117000.0,112400.0,112400.0,34018174
2025-12-29,119121.8046875,119500.0,119700.0,118200.0,119400.0,19676004
2025-12-30,119520.53125,119900.0,121200.0,118700.0,119100.0,19746349
